<?xml version="1.0" encoding="UTF-8"?>
<beans xmlns="http://www.springframework.org/schema/beans"
	xmlns:xsi="http://www.w3.org/2001/XMLSchema-instance"
	xmlns:aop="http://www.springframework.org/schema/aop"
	xmlns:context="http://www.springframework.org/schema/context"
	xmlns:tx="http://www.springframework.org/schema/tx"
	xmlns:mybatis-spring="http://mybatis.org/schema/mybatis-spring"
	xsi:schemaLocation="http://mybatis.org/schema/mybatis-spring http://mybatis.org/schema/mybatis-spring-1.2.xsd
		http://www.springframework.org/schema/beans https://www.springframework.org/schema/beans/spring-beans.xsd
		http://www.springframework.org/schema/context http://www.springframework.org/schema/context/spring-context-4.3.xsd
		http://www.springframework.org/schema/aop http://www.springframework.org/schema/aop/spring-aop-4.3.xsd
		http://www.springframework.org/schema/tx http://www.springframework.org/schema/tx/spring-tx-4.3.xsd">
	
	<!-- Root Context: defines shared resources visible to all other web components -->
	<context:annotation-config></context:annotation-config>	
	
	<bean id="hikariConfig"	class ="com.zaxxer.hikari.HikariConfig">
			<property name="driverClassName" value="net.sf.log4jdbc.sql.jdbcapi.DriverSpy"></property>
			<property name ="jdbcUrl" value="jdbc:log4jdbc:oracle:thin:@localhost:1521:XE"></property>
			<property name ="username" value="green"></property>
			<property name ="password" value="1234"></property>
		</bean>
		
		<bean id = "dataSource" class= "com.zaxxer.hikari.HikariDataSource" destroy-method="close">
			<constructor-arg ref ="hikariConfig"/>
		</bean>
		
		<bean id ="sqlSessionFactory" class="org.mybatis.spring.SqlSessionFactoryBean">
			<property name ="dataSource" ref="dataSource"></property>
		</bean>
		
		<bean id="transactionManager" class="org.springframework.jdbc.datasource.DataSourceTransactionManager">
			<property name="dataSource" ref="dataSource"></property>		
		</bean>
		
		<tx:annotation-driven/>
		
		<mybatis-spring:scan base-package="com.AOP.mapper"/>
		<context:component-scan base-package="com.AOP.service"></context:component-scan>
		<context:component-scan base-package="com.AOP.aop"></context:component-scan>
		
		
		<aop:aspectj-autoproxy></aop:aspectj-autoproxy>
</beans>
